image,time
img_1.jpg,1.10 PM
img_2.jpg,1.20 PM
img_3.jpg,1.26 PM
img_4.jpg,1.35 PM
img_5.jpg,1.45 PM
img_6.jpg,1.55 PM
img_7.jpg,10 PM
img_8.jpg,10.16 AM
img_9.jpg,10.30 AM
img_10.jpg,10.30 PM
img_11.jpg,10.45 AM
img_12.jpg,11.00 AM
img_13.jpg,11.20 AM
img_14.jpg,11.30 AM
img_15.jpg,11.40 AM
img_16.jpg,12.00 PM
img_17.jpg,12.05 PM
img_18.jpg,12.10 PM
img_19.jpg,12.15 PM
img_20.jpg,12.20 PM
img_21.jpg,12.30 PM
img_22.jpg,12.40 PM
img_23.jpg,12.50 PM
img_24.jpg,2.00 PM
img_25.jpg,2.05 PM
img_26.jpg,2.20 PM
img_27.jpg,3.15 PM
img_28.jpg,4.20 PM
img_29.jpg,6.15 PM
img_30.jpg,6.20 AM
img_31.jpg,6.20 PM
img_32.jpg,6.28 PM
img_33.jpg,6.40 AM
img_34.jpg,6.41 PM
img_35.jpg,7.05 AM
img_36.jpg,7.05 PM
img_37.jpg,7.10 AM
img_38.jpg,7.10 PM
img_39.jpg,7.15 AM
img_40.jpg,7.15 PM
img_41.jpg,7.20 AM
img_42.jpg,7.20 PM
img_43.jpg,7.30 AM
img_44.jpg,7.30 PM
img_45.jpg,7.45 AM
img_46.jpg,7.45 PM
img_47.jpg,7.55 AM
img_48.jpg,7.55 PM
img_49.jpg,8.00 AM
img_50.jpg,8.00 PM
img_51.jpg,8.10 PM
img_52.jpg,8.15 AM
img_53.jpg,8.15 PM
img_54.jpg,8.18 AM
img_55.jpg,8.20 AM
img_56.jpg,8.30 AM
img_57.jpg,8.30 PM
img_58.jpg,8.40 AM
img_59.jpg,8.50 PM
img_60.jpg,9.10 AM
img_61.jpg,9.10 PM
img_62.jpg,9.15 AM
img_63.jpg,9.15 PM
